{
  "config": {
    "run_name": "exp1_1_K64_L4",
    "out_dir": "./results",
    "seed": 1360664947,
    "bs_train": 128,
    "bs_test": 32,
    "batches": 100,
    "epochs": 100,
    "early_stopping": 3,
    "checkpoints": null,
    "lr": 0.001,
    "reg": 0.001,
    "filters_per_layer": [
      64
    ],
    "layers_per_block": 4,
    "pool_every": 4,
    "hidden_dims": [
      1024
    ],
    "ycn": false,
    "kw": {}
  },
  "results": {
    "num_epochs": 0,
    "train_loss": [
      1.9993440532684326,
      1.6725679385662078,
      1.4551241195201874,
      1.291532222032547,
      1.14254718542099,
      1.0047465151548385,
      0.8528757685422897,
      0.7410135582089424,
      0.6778749853372574
    ],
    "train_acc": [
      26.15625,
      39.890625,
      47.1015625,
      53.1796875,
      59.015625,
      64.40625,
      70.015625,
      73.8984375,
      75.953125
    ],
    "test_loss": [
      1.852643666267395,
      1.6499436783790589,
      1.4068427234888077,
      1.242205593585968,
      1.0940513074398042,
      0.9546520727872848,
      0.9189482775330543,
      0.8619381982088089,
      1.1231722158193589
    ],
    "test_acc": [
      32.15625,
      39.125,
      48.40625,
      55.875,
      61.34375,
      66.59375,
      68.1875,
      70.4375,
      66.0625
    ]
  }
}