{
  "config": {
    "run_name": "exp1_1_K32_L16",
    "out_dir": "./results",
    "seed": 743901430,
    "bs_train": 128,
    "bs_test": 32,
    "batches": 100,
    "epochs": 100,
    "early_stopping": 3,
    "checkpoints": null,
    "lr": 0.001,
    "reg": 0.001,
    "filters_per_layer": [
      32
    ],
    "layers_per_block": 16,
    "pool_every": 16,
    "hidden_dims": [
      1024
    ],
    "ycn": false,
    "kw": {}
  },
  "results": {
    "num_epochs": 0,
    "train_loss": [
      [
        2.3027868270874023,
        2.3255112171173096,
        2.310734272003174,
        2.33233642578125,
        2.3076319694519043,
        2.304888963699341,
        2.3120970726013184,
        2.302600383758545,
        2.304081916809082,
        2.3012185096740723,
        2.3042595386505127,
        2.301969051361084,
        2.304609537124634,
        2.301218271255493,
        2.3037571907043457,
        2.3018577098846436,
        2.3028147220611572,
        2.3020546436309814,
        2.3035271167755127,
        2.3007795810699463,
        2.303502321243286,
        2.300626039505005,
        2.3014252185821533,
        2.30171799659729,
        2.301374673843384,
        2.300642728805542,
        2.3013596534729004,
        2.3009142875671387,
        2.2995097637176514,
        2.304403781890869,
        2.304014205932617,
        2.3021438121795654,
        2.3024017810821533,
        2.3050291538238525,
        2.303471803665161,
        2.305248737335205,
        2.2999308109283447,
        2.3012657165527344,
        2.3044159412384033,
        2.304387331008911,
        2.304173231124878,
        2.3008179664611816,
        2.3018088340759277,
        2.302374839782715,
        2.3000705242156982,
        2.3040285110473633,
        2.301774501800537,
        2.3024518489837646,
        2.302539110183716,
        2.3048248291015625,
        2.302804470062256,
        2.3020622730255127,
        2.3079516887664795,
        2.3046875,
        2.302654504776001,
        2.3008358478546143,
        2.303941249847412,
        2.30739688873291,
        2.30484938621521,
        2.3026278018951416,
        2.304166793823242,
        2.3031883239746094,
        2.2998554706573486,
        2.30442476272583,
        2.3034608364105225,
        2.302507162094116,
        2.3036563396453857,
        2.3021292686462402,
        2.3022425174713135,
        2.3028626441955566,
        2.303893566131592,
        2.301010847091675,
        2.3025612831115723,
        2.301608085632324,
        2.302703380584717,
        2.3017632961273193,
        2.3032710552215576,
        2.3028883934020996,
        2.30233097076416,
        2.3033816814422607,
        2.30265736579895,
        2.3021340370178223,
        2.3027875423431396,
        2.3048548698425293,
        2.30320143699646,
        2.301466464996338,
        2.3017711639404297,
        2.30336332321167,
        2.301032781600952,
        2.3034608364105225,
        2.3048412799835205,
        2.304680585861206,
        2.3043885231018066,
        2.3025729656219482,
        2.303440809249878,
        2.3023173809051514,
        2.304004192352295,
        2.301421880722046,
        2.3022172451019287,
        2.3019959926605225
      ],
      [
        2.303812026977539,
        2.3023462295532227,
        2.304009199142456,
        2.3033244609832764,
        2.3018293380737305,
        2.302412271499634,
        2.301905393600464,
        2.3027443885803223,
        2.3024497032165527,
        2.3012845516204834,
        2.303433418273926,
        2.303050994873047,
        2.3058342933654785,
        2.3007493019104004,
        2.303023099899292,
        2.3027918338775635,
        2.3030121326446533,
        2.3043198585510254,
        2.3022420406341553,
        2.3014721870422363,
        2.3010377883911133,
        2.3019676208496094,
        2.302032232284546,
        2.3020482063293457,
        2.303291082382202,
        2.301680564880371,
        2.3015036582946777,
        2.3022425174713135,
        2.3013532161712646,
        2.3037307262420654,
        2.3042731285095215,
        2.3013527393341064,
        2.3013134002685547,
        2.303057909011841,
        2.302098274230957,
        2.3039941787719727,
        2.302868366241455,
        2.300243377685547,
        2.302201509475708,
        2.303114891052246,
        2.304652452468872,
        2.3009192943573,
        2.302281141281128,
        2.3032004833221436,
        2.3011293411254883,
        2.303586483001709,
        2.3016397953033447,
        2.3044135570526123,
        2.302888870239258,
        2.3039698600769043,
        2.301393747329712,
        2.3012311458587646,
        2.3057024478912354,
        2.3038387298583984,
        2.301038980484009,
        2.301431179046631,
        2.3027851581573486,
        2.306009531021118,
        2.3025166988372803,
        2.3025565147399902,
        2.304762840270996,
        2.3021063804626465,
        2.2981514930725098,
        2.303053140640259,
        2.303830146789551,
        2.3025963306427,
        2.3045685291290283,
        2.3018321990966797,
        2.3026628494262695,
        2.3030638694763184,
        2.3026678562164307,
        2.300395965576172,
        2.301727533340454,
        2.3017513751983643,
        2.3025126457214355,
        2.3018264770507812,
        2.3022587299346924,
        2.301654100418091,
        2.3013479709625244,
        2.3030149936676025,
        2.3022959232330322,
        2.302170515060425,
        2.302699565887451,
        2.3052570819854736,
        2.3035173416137695,
        2.3012866973876953,
        2.3009214401245117,
        2.304161548614502,
        2.3004117012023926,
        2.3035953044891357,
        2.305575132369995,
        2.3041632175445557,
        2.3055670261383057,
        2.3020730018615723,
        2.302398920059204,
        2.301860809326172,
        2.3043482303619385,
        2.299652099609375,
        2.3037831783294678,
        2.3024816513061523
      ]
    ],
    "train_acc": [
      10.1640625,
      9.765625
    ],