{
  "config": {
    "run_name": "exp1_1_K64_L16",
    "out_dir": "./results",
    "seed": 1360664947,
    "bs_train": 128,
    "bs_test": 32,
    "batches": 100,
    "epochs": 100,
    "early_stopping": 3,
    "checkpoints": null,
    "lr": 0.001,
    "reg": 0.001,
    "filters_per_layer": [
      64
    ],
    "layers_per_block": 16,
    "pool_every": 16,
    "hidden_dims": [
      1024
    ],
    "ycn": false,
    "kw": {}
  },
  "results": {
    "num_epochs": 0,
    "train_loss": [
      2.304148392677307,
      2.302695667743683,
      2.3025314021110534
    ],
    "train_acc": [
      9.8828125,
      10.3515625,
      10.3515625
    ],
    "test_loss": [
      2.302930495738983,
      2.3027224707603455,
      2.302643835544586
    ],
    "test_acc": [
      9.4375,
      10.3125,
      10.3125
    ]
  }
}