{
  "config": {
    "run_name": "exp1_1_K64_L2",
    "out_dir": "./results",
    "seed": 1360664947,
    "bs_train": 128,
    "bs_test": 32,
    "batches": 100,
    "epochs": 100,
    "early_stopping": 3,
    "checkpoints": null,
    "lr": 0.001,
    "reg": 0.001,
    "filters_per_layer": [
      64
    ],
    "layers_per_block": 2,
    "pool_every": 2,
    "hidden_dims": [
      1024
    ],
    "ycn": false,
    "kw": {}
  },
  "results": {
    "num_epochs": 0,
    "train_loss": [
      1.9620523679256439,
      1.5744725728034974,
      1.4346242070198059,
      1.3270271110534668,
      1.208047081232071,
      1.0870214366912843,
      0.9888407313823699,
      0.9141756391525269,
      0.8196155709028244,
      0.6943367207050324,
      0.6138274893164635
    ],
    "train_acc": [
      28.1875,
      43.140625,
      48.5,
      52.4609375,
      56.8359375,
      61.78125,
      65.2890625,
      68.3203125,
      71.5859375,
      76.2109375,
      79.3046875
    ],
    "test_loss": [
      1.6502645993232727,
      1.4894679117202758,
      1.3751846665143967,
      1.2591303932666777,
      1.140828640460968,
      1.0319097316265107,
      0.9504193913936615,
      0.9407136231660843,
      0.8575732403993607,
      0.8063721951842308,
      0.819067489206791
    ],
    "test_acc": [
      40.15625,
      46.125,
      49.6875,
      54.65625,
      58.5,
      62.78125,
      65.5625,
      66.53125,
      69.65625,
      71.84375,
      70.28125
    ]
  }
}