{
  "config": {
    "run_name": "exp1_1_K64_L16",
    "out_dir": "./results",
    "seed": 743901430,
    "bs_train": 128,
    "bs_test": 32,
    "batches": 100,
    "epochs": 100,
    "early_stopping": 3,
    "checkpoints": null,
    "lr": 0.001,
    "reg": 0.001,
    "filters_per_layer": [
      64
    ],
    "layers_per_block": 16,
    "pool_every": 16,
    "hidden_dims": [
      1024
    ],
    "ycn": false,
    "kw": {}
  },
  "results": {
    "num_epochs": 0,
    "train_loss": [
      [
        2.302651882171631,
        2.3532044887542725,
        2.315420389175415,
        2.330918312072754,
        2.302173137664795,
        2.3023197650909424,
        2.309563398361206,
        2.3009755611419678,
        2.305520534515381,
        2.303917169570923,
        2.301907777786255,
        2.3029656410217285,
        2.306623697280884,
        2.300713300704956,
        2.3002445697784424,
        2.302347421646118,
        2.301206350326538,
        2.3039026260375977,
        2.303117513656616,
        2.3014144897460938,
        2.3048760890960693,
        2.3003921508789062,
        2.3008577823638916,
        2.302419662475586,
        2.3022754192352295,
        2.2999672889709473,
        2.2999119758605957,
        2.2959401607513428,
        2.2996978759765625,
        2.3131814002990723,
        2.3092973232269287,
        2.3038861751556396,
        2.297447443008423,
        2.305147409439087,
        2.3046321868896484,
        2.3100833892822266,
        2.3044748306274414,
        2.301426649093628,
        2.3020431995391846,
        2.3034746646881104,
        2.3036446571350098,
        2.3030643463134766,
        2.30310320854187,
        2.303642749786377,
        2.301696538925171,
        2.304285764694214,
        2.3028502464294434,
        2.3031253814697266,
        2.3022572994232178,
        2.303382635116577,
        2.3005599975585938,
        2.30043625831604,
        2.3053438663482666,
        2.3027281761169434,
        2.3012778759002686,
        2.300034523010254,
        2.3016417026519775,
        2.3031623363494873,
        2.3024308681488037,
        2.30332350730896,
        2.305382490158081,
        2.301175117492676,
        2.2979347705841064,
        2.301764965057373,
        2.305328607559204,
        2.30379056930542,
        2.306521415710449,
        2.3015708923339844,
        2.303513765335083,
        2.303406000137329,
        2.2999026775360107,
        2.3016107082366943,
        2.3007233142852783,
        2.3022494316101074,
        2.2999162673950195,
        2.3029747009277344,
        2.3053719997406006,
        2.300764322280884,
        2.2991268634796143,
        2.3032758235931396,
        2.299170970916748,
        2.3024613857269287,
        2.305101156234741,
        2.3067550659179688,
        2.3042612075805664,
        2.3005685806274414,
        2.30173921585083,
        2.3085734844207764,
        2.303704261779785,
        2.303826332092285,
        2.304110527038574,
        2.3036017417907715,
        2.3038597106933594,
        2.302227020263672,
        2.3021984100341797,
        2.3021841049194336,
        2.3033764362335205,
        2.301541566848755,
        2.30216121673584,
        2.303147792816162
      ],
      [
        2.3037147521972656,
        2.301604747772217,
        2.304298162460327,
        2.3044557571411133,
        2.3027913570404053,
        2.3038547039031982,
        2.3007636070251465,
        2.301314115524292,
        2.302483081817627,
        2.3039779663085938,
        2.302746534347534,
        2.3030481338500977,
        2.3027923107147217,
        2.3025894165039062,
        2.3017795085906982,
        2.3028247356414795,
        2.3012897968292236,
        2.303511381149292,
        2.302455186843872,
        2.3027851581573486,
        2.302266836166382,
        2.3016905784606934,
        2.3016018867492676,
        2.3022122383117676,
        2.3033084869384766,
        2.301987648010254,
        2.302121162414551,
        2.3014659881591797,
        2.3029260635375977,
        2.3019652366638184,
        2.304236888885498,
        2.301650285720825,
        2.2995948791503906,
        2.303281784057617,
        2.3038783073425293,
        2.3082869052886963,
        2.3043603897094727,
        2.300328493118286,
        2.3014590740203857,
        2.3026435375213623,
        2.3044018745422363,
        2.3025729656219482,
        2.3026363849639893,
        2.3036551475524902,
        2.3014976978302,
        2.3042404651641846,
        2.3025736808776855,
        2.3039729595184326,
        2.302670478820801,
        2.303436517715454,
        2.300546169281006,
        2.3006234169006348,
        2.3048551082611084,
        2.3035659790039062,
        2.3010313510894775,
        2.300896644592285,
        2.3019044399261475,
        2.304380416870117,
        2.3020575046539307,
        2.303175687789917,
        2.304508686065674,
        2.3017165660858154,
        2.2988033294677734,
        2.302841901779175,
        2.3033721446990967,
        2.302915573120117,
        2.3051700592041016,
        2.3021738529205322,
        2.3031837940216064,
        2.3035173416137695,
        2.3023507595062256,
        2.3003034591674805,
        2.3014609813690186,
        2.3024587631225586,
        2.3024144172668457,
        2.302447557449341,
        2.3010361194610596,
        2.3013601303100586,
        2.301135540008545,
        2.30301833152771,
        2.3034563064575195,
        2.301966667175293,
        2.3026602268218994,
        2.3044209480285645,
        2.303706407546997,
        2.3014376163482666,
        2.3009414672851562,
        2.3035008907318115,
        2.3002607822418213,
        2.3026065826416016,
        2.3047914505004883,
        2.3034005165100098,
        2.304784059524536,
        2.30194354057312,
        2.3020122051239014,
        2.30181622505188,
        2.3036160469055176,
        2.3004674911499023,
        2.3030216693878174,
        2.302849531173706
      ],
      [
        2.303992986679077,
        2.301647663116455,
        2.3045074939727783,
        2.3037211894989014,
        2.3019120693206787,
        2.303925037384033,
        2.300279140472412,
        2.301501512527466,
        2.3023171424865723,
        2.3036623001098633,
        2.302786350250244,
        2.302920341491699,
        2.3037526607513428,
        2.3020858764648438,
        2.301584243774414,
        2.3030104637145996,
        2.301765203475952,
        2.304457664489746,
        2.3020880222320557,
        2.302457094192505,
        2.3011317253112793,
        2.3020670413970947,
        2.3017752170562744,
        2.3023834228515625,
        2.3040904998779297,
        2.3021578788757324,
        2.301879644393921,
        2.3022360801696777,
        2.3030600547790527,
        2.3025572299957275,
        2.3046679496765137,
        2.3011910915374756,
        2.3001930713653564,
        2.30279541015625,
        2.301205635070801,
        2.304124355316162,
        2.304600715637207,
        2.300119638442993,
        2.301178455352783,
        2.3026559352874756,
        2.3045151233673096,
        2.3020942211151123,
        2.302873134613037,
        2.3038547039031982,
        2.3017842769622803,
        2.303968906402588,
        2.3022007942199707,
        2.305237293243408,
        2.3029937744140625,
        2.303239345550537,
        2.299954414367676,
        2.3002679347991943,
        2.304300308227539,
        2.303358793258667,
        2.300143003463745,
        2.3014633655548096,
        2.3017382621765137,
        2.3043630123138428,
        2.3011271953582764,
        2.30289888381958,
        2.3049840927124023,
        2.301307439804077,
        2.2976386547088623,
        2.302168369293213,
        2.303835153579712,
        2.3028671741485596,
        2.3052451610565186,
        2.302006244659424,
        2.3032121658325195,
        2.303499221801758,
        2.301896333694458,
