{
  "config": {
    "run_name": "exp1_2_L2_K258",
    "out_dir": "./results",
    "seed": 1360664947,
    "bs_train": 128,
    "bs_test": 32,
    "batches": 100,
    "epochs": 100,
    "early_stopping": 3,
    "checkpoints": null,
    "lr": 0.001,
    "reg": 0.001,
    "filters_per_layer": [
      258
    ],
    "layers_per_block": 2,
    "pool_every": 2,
    "hidden_dims": [
      1024
    ],
    "ycn": false,
    "kw": {}
  },
  "results": {
    "num_epochs": 0,
    "train_loss": [
      2.1117474269866943,
      1.5897409391403199
    ],
    "train_acc": [
      27.890625,
      42.4140625
    ],
    "test_loss": [
      1.655592019557953,
      1.6731544053554535
    ],
    "test_acc": [
      41.53125,
      36.90625
    ]
  }
}