{
  "config": {
    "run_name": "exp1_1_K32_L4",
    "out_dir": "./results",
    "seed": 1360664947,
    "bs_train": 128,
    "bs_test": 32,
    "batches": 100,
    "epochs": 100,
    "early_stopping": 3,
    "checkpoints": null,
    "lr": 0.001,
    "reg": 0.001,
    "filters_per_layer": [
      32
    ],
    "layers_per_block": 4,
    "pool_every": 4,
    "hidden_dims": [
      1024
    ],
    "ycn": false,
    "kw": {}
  },
  "results": {
    "num_epochs": 0,
    "train_loss": [
      1.9615183877944946,
      1.590494725704193,
      1.4361808240413665,
      1.324599312543869,
      1.1996034157276154,
      1.07664486348629,
      0.9474316400289535,
      0.8363807761669159,
      0.7443473601341247,
      0.676020120382309,
      0.5650233173370361,
      0.4476961049437523,
      0.3993812069296837
    ],
    "train_acc": [
      27.8984375,
      42.5234375,
      47.8125,
      52.2265625,
      56.9296875,
      61.78125,
      66.7109375,
      71.078125,
      74.0078125,
      76.4296875,
      80.1875,
      84.359375,
      86.125
    ],
    "test_loss": [
      1.7231544268131256,
      1.5010183107852937,
      1.399376356601715,
      1.297582104206085,
      1.168079280257225,
      1.1225988745689393,
      0.9821782264113427,
      0.8301848405599594,
      0.6771363985538482,
      0.6531141805648804,
      0.6373228101432323,
      0.4924743801355362,
      0.49565127328038217
    ],
    "test_acc": [
      37.96875,
      45.96875,
      50.4375,
      53.8125,
      58.53125,
      59.1875,
      65.84375,
      69.5,
      75.6875,
      76.65625,
      78.0,
      83.53125,
      82.8125
    ]
  }
}