{
  "config": {
    "run_name": "exp1_1_K32_L2",
    "out_dir": "./results",
    "seed": 1360664947,
    "bs_train": 128,
    "bs_test": 32,
    "batches": 100,
    "epochs": 100,
    "early_stopping": 3,
    "checkpoints": null,
    "lr": 0.001,
    "reg": 0.001,
    "filters_per_layer": [
      32
    ],
    "layers_per_block": 2,
    "pool_every": 2,
    "hidden_dims": [
      1024
    ],
    "ycn": false,
    "kw": {}
  },
  "results": {
    "num_epochs": 0,
    "train_loss": [
      1.7998061323165893,
      1.428144292831421,
      1.269693056344986,
      1.1512496769428253,
      1.0585609644651413,
      0.9750975781679153,
      0.9025237953662872,
      0.8363845521211624,
      0.7690149247646332
    ],
    "train_acc": [
      34.9453125,
      48.390625,
      54.5703125,
      59.0859375,
      62.6875,
      66.1796875,
      68.734375,
      70.859375,
      73.75
    ],
    "test_loss": [
      1.5197690999507905,
      1.329013662338257,
      1.1790276151895522,
      1.0655708312988281,
      0.997314178943634,
      0.9382137387990952,
      0.8488977226614952,
      0.8137916213274002,
      0.7750424754619598
    ],
    "test_acc": [
      45.59375,
      51.9375,
      56.71875,
      61.9375,
      64.15625,
      66.28125,
      70.0,
      73.25,
      72.78125
    ]
  }
}