{
  "config": {
    "run_name": "exp1_2_L8_K128",
    "out_dir": "./results",
    "seed": 743901430,
    "bs_train": 128,
    "bs_test": 32,
    "batches": 100,
    "epochs": 100,
    "early_stopping": 3,
    "checkpoints": null,
    "lr": 0.001,
    "reg": 0.001,
    "filters_per_layer": [
      128
    ],
    "layers_per_block": 8,
    "pool_every": 8,
    "hidden_dims": [
      1024
    ],
    "ycn": false,
    "kw": {}
  },
  "results": {
    "num_epochs": 0,
    "train_loss": [
      [
        2.3010342121124268,
        2.3761942386627197,
        2.3071682453155518,
        2.3097729682922363,
        2.299567937850952,
        2.432453155517578,
        2.3064277172088623,
        2.3037610054016113,
        2.3008484840393066,
        2.305756092071533,
        2.305755615234375,
        2.301913261413574,
        2.302400827407837,
        2.3032495975494385,
        2.3021082878112793,
        2.302886486053467,
        2.3011019229888916,
        2.303051471710205,
        2.3019378185272217,
        2.3024697303771973,
        2.3042409420013428,
        2.3006179332733154,
        2.3037967681884766,
        2.303046941757202,
        2.3020923137664795,
        2.3023288249969482,
        2.3016040325164795,
        2.3014354705810547,
        2.3033974170684814,
        2.3036601543426514,
        2.304654121398926,
        2.3025431632995605,
        2.3010942935943604,
        2.304518461227417,
        2.3027076721191406,
        2.3087878227233887,
        2.3028905391693115,
        2.3026931285858154,
        2.3033430576324463,
        2.302753210067749,
        2.302924156188965,
        2.3035855293273926,
        2.303370714187622,
        2.3016157150268555,
        2.3023533821105957,
        2.303086042404175,
        2.302997350692749,
        2.3023276329040527,
        2.3023386001586914,
        2.3030006885528564,
        2.3017101287841797,
        2.3010001182556152,
        2.304159164428711,
        2.303377628326416,
        2.302379846572876,
        2.300765037536621,
        2.302687168121338,
        2.304825782775879,
        2.30330753326416,
        2.3028030395507812,
        2.303406238555908,
        2.3013265132904053,
        2.3012702465057373,
        2.3025476932525635,
        2.3032619953155518,
        2.302765369415283,
        2.3058104515075684,
        2.301806926727295,
        2.302513837814331,
        2.303234577178955,
        2.302686929702759,
        2.3010339736938477,
        2.3016674518585205,
        2.302446126937866,
        2.3023369312286377,
        2.3031482696533203,
        2.3028578758239746,
        2.3022964000701904,
        2.3025710582733154,
        2.3035898208618164,
        2.3038604259490967,
        2.3024027347564697,
        2.3017842769622803,
        2.3046116828918457,
        2.3033111095428467,
        2.3013298511505127,
        2.3017311096191406,
        2.304316520690918,
        2.299926280975342,
        2.302302122116089,
        2.3041107654571533,
        2.3031561374664307,
        2.3041229248046875,
        2.3033690452575684,
        2.302705764770508,
        2.3027944564819336,
        2.3030848503112793,
        2.302090883255005,
        2.302020788192749,
        2.301920175552368
      ],
      [
        2.3022327423095703,
        2.3024415969848633,
        2.303955554962158,
        2.304591178894043,
        2.3028690814971924,
        2.303975820541382,
        2.299992561340332,
        2.3024325370788574,
        2.3013863563537598,
        2.30441951751709,
        2.304298162460327,
        2.302217721939087,
        2.303687334060669,
        2.302454948425293,
        2.300858736038208,
        2.3030190467834473,
        2.301379442214966,
        2.304344892501831,
        2.301694631576538,
        2.3021280765533447,
        2.302157163619995,
        2.3015060424804688,
        2.3028666973114014,
        2.3026957511901855,
        2.30350661277771,
        2.3022005558013916,
        2.301549196243286,
        2.3020389080047607,
        2.302995443344116,
        2.3033218383789062,
        2.3047564029693604,
        2.3015079498291016,
        2.300553798675537,
        2.3030238151550293,
        2.301187038421631,
        2.304265260696411,
        2.3040809631347656,
        2.301082134246826,
        2.301893949508667,
        2.3025052547454834,
        2.304304599761963,
        2.302236795425415,
        2.303067445755005,
        2.302907705307007,
        2.302208423614502,
        2.303323984146118,
        2.3021512031555176,
        2.3047916889190674,
        2.3025875091552734,
        2.3029253482818604,
        2.300562858581543,
        2.30029034614563,
        2.304352045059204,
        2.3033382892608643,
        2.300821542739868,
        2.3014464378356934,
        2.3022515773773193,
        2.3047969341278076,
        2.301950454711914,
        2.302281379699707,
        2.3047633171081543,
        2.300971031188965,
        2.2986156940460205,
        2.3023319244384766,
        2.3039023876190186,
        2.302694797515869,
        2.305361032485962,
        2.3015172481536865,
        2.3028604984283447,
        2.3032891750335693,
        2.3021273612976074,
        2.3004255294799805,
        2.3013362884521484,
        2.302248001098633,
        2.3022942543029785,
        2.302631139755249,
        2.301772356033325,
        2.3014330863952637,
        2.301532030105591,
        2.3030662536621094,
        2.303206443786621,
        2.3018665313720703,
        2.302135467529297,
        2.3051199913024902,
        2.3035502433776855,
        2.3014233112335205,
        2.301051378250122,
        2.303861141204834,
        2.29961895942688,
        2.3026366233825684,
        2.3049824237823486,
        2.303497076034546,
        2.3050153255462646,
        2.3025026321411133,
        2.3024885654449463,
        2.3022706508636475,
        2.303860664367676,
        2.300413131713867,
        2.303257703781128,
        2.3022098541259766
      ]
    ],
    "train_acc": [
      9.7890625,
      9.96875
    ],