{
  "config": {
    "run_name": "exp1_2_L4_K32",
    "out_dir": "./results",
    "seed": 1360664947,
    "bs_train": 128,
    "bs_test": 32,
    "batches": 100,
    "epochs": 100,
    "early_stopping": 3,
    "checkpoints": null,
    "lr": 0.001,
    "reg": 0.001,
    "filters_per_layer": [
      32
    ],
    "layers_per_block": 4,
    "pool_every": 4,
    "hidden_dims": [
      1024
    ],
    "ycn": false,
    "kw": {}
  },
  "results": {
    "num_epochs": 0,
    "train_loss": [
      1.9632170271873475,
      1.5942134249210358,
      1.4432150852680206,
      1.3386760461330414,
      1.2220751965045928,
      1.0881826043128968,
      0.9700186467170715,
      0.8476722538471222,
      0.826691512465477,
      0.7087791103124619,
      0.53802514731884
    ],
    "train_acc": [
      27.734375,
      42.5546875,
      47.6953125,
      51.75,
      56.046875,
      61.234375,
      65.7265625,
      70.265625,
      70.796875,
      74.796875,
      80.9609375
    ],
    "test_loss": [
      1.7181957256793976,
      1.5226621401309968,
      1.4204204541444778,
      1.3482756835222245,
      1.2167501664161682,
      1.124149910211563,
      0.9958311331272125,
      1.0564919626712799,
      0.8863277992606163,
      0.6324118502438069,
      0.6848917010426522
    ],
    "test_acc": [
      37.90625,
      44.46875,
      48.4375,
      52.40625,
      56.90625,
      59.9375,
      64.25,
      64.6875,
      68.5625,
      77.40625,
      76.46875
    ]
  }
}