{
  "config": {
    "run_name": "exp1_2_L4_K258",
    "out_dir": "./results",
    "seed": 1360664947,
    "bs_train": 128,
    "bs_test": 32,
    "batches": 100,
    "epochs": 100,
    "early_stopping": 3,
    "checkpoints": null,
    "lr": 0.001,
    "reg": 0.001,
    "filters_per_layer": [
      258
    ],
    "layers_per_block": 4,
    "pool_every": 4,
    "hidden_dims": [
      1024
    ],
    "ycn": false,
    "kw": {}
  },
  "results": {
    "num_epochs": 0,
    "train_loss": [
      2.0774575328826903,
      1.604589238166809,
      1.374684090614319,
      1.2052763766050338,
      1.0585021954774856,
      0.888689414858818,
      0.772924727499485,
      0.6699940863251687,
      0.5150124397873879,
      0.4092847591638565,
      0.3183116766810417,
      0.2576650384813547,
      0.19944004580378533,
      0.15590524967759847
    ],
    "train_acc": [
      25.515625,
      42.171875,
      50.5078125,
      56.6328125,
      62.875,
      68.7421875,
      72.4375,
      76.4140625,
      82.015625,
      85.4375,
      88.90625,
      91.0625,
      93.1015625,
      94.8359375
    ],
    "test_loss": [
      1.818720784187317,
      1.527321001291275,
      1.329276093840599,
      1.195845651626587,
      1.1805384480953216,
      0.9918163341283798,
      0.8354190945625305,
      0.8440432137250901,
      0.7040083800256253,
      0.6432637555897236,
      0.4953454850614071,
      0.4608904342353344,
      0.3596184382587671,
      0.5464784033596516
    ],
    "test_acc": [
      34.46875,
      43.78125,
      52.0,
      56.875,
      58.875,
      65.71875,
      69.875,
      70.9375,
      75.59375,
      78.5,
      83.71875,
      84.375,
      88.375,
      83.3125
    ]
  }
}