{
  "config": {
    "run_name": "exp1_2_L8_K32",
    "out_dir": "./results",
    "seed": 743901430,
    "bs_train": 128,
    "bs_test": 32,
    "batches": 100,
    "epochs": 100,
    "early_stopping": 3,
    "checkpoints": null,
    "lr": 0.001,
    "reg": 0.001,
    "filters_per_layer": [
      32
    ],
    "layers_per_block": 8,
    "pool_every": 8,
    "hidden_dims": [
      1024
    ],
    "ycn": false,
    "kw": {}
  },
  "results": {
    "num_epochs": 0,
    "train_loss": [
      [
        2.303849458694458,
        2.3386101722717285,
        2.3181920051574707,
        2.3436856269836426,
        2.3078904151916504,
        2.301762819290161,
        2.3169925212860107,
        2.301508665084839,
        2.309992790222168,
        2.300259828567505,
        2.302528142929077,
        2.3018715381622314,
        2.3039441108703613,
        2.301882266998291,
        2.306485891342163,
        2.3015646934509277,
        2.3046326637268066,
        2.302602767944336,
        2.3031070232391357,
        2.302098035812378,
        2.302279472351074,
        2.301544189453125,
        2.3001270294189453,
        2.3009040355682373,
        2.30338454246521,
        2.299821615219116,
        2.3001253604888916,
        2.2981650829315186,
        2.2981436252593994,
        2.3067784309387207,
        2.3079097270965576,
        2.3035788536071777,
        2.2971603870391846,
        2.3068647384643555,
        2.3080055713653564,
        2.3158392906188965,
        2.3014137744903564,
        2.2997827529907227,
        2.302485466003418,
        2.303875207901001,
        2.3059630393981934,
        2.300427198410034,
        2.301957607269287,
        2.3042166233062744,
        2.2999167442321777,
        2.3037257194519043,
        2.301439046859741,
        2.3029768466949463,
        2.3052849769592285,
        2.303884506225586,
        2.3034422397613525,
        2.3040900230407715,
        2.3046388626098633,
        2.3048746585845947,
        2.300934314727783,
        2.304046869277954,
        2.3020529747009277,
        2.3036117553710938,
        2.3026010990142822,
        2.303039073944092,
        2.303710460662842,
        2.3027069568634033,
        2.2994766235351562,
        2.3023383617401123,
        2.3028905391693115,
        2.3030271530151367,
        2.302234172821045,
        2.3026044368743896,
        2.3030753135681152,
        2.3023681640625,
        2.3023948669433594,
        2.3020334243774414,
        2.301781177520752,
        2.3013689517974854,
        2.3011860847473145,
        2.30302357673645,
        2.3023290634155273,
        2.302150249481201,
        2.300614356994629,
        2.303173303604126,
        2.30111026763916,
        2.3030130863189697,
        2.303623914718628,
        2.3030893802642822,
        2.303025245666504,
        2.3020918369293213,
        2.3015215396881104,
        2.304413318634033,
        2.3034818172454834,
        2.303241729736328,
        2.3047423362731934,
        2.303471565246582,
        2.3045763969421387,
        2.3013856410980225,
        2.3015847206115723,
        2.3002171516418457,
        2.301182746887207,
        2.301103115081787,
        2.303546190261841,
        2.3031959533691406
      ],
      [
        2.3036437034606934,
        2.3012585639953613,
        2.302976131439209,
        2.3022677898406982,
        2.3016819953918457,
        2.3024404048919678,
        2.3026793003082275,
        2.3014204502105713,
        2.304901361465454,
        2.301917552947998,
        2.3035898208618164,
        2.302234649658203,
        2.3061447143554688,
        2.3011016845703125,
        2.303621530532837,
        2.302670955657959,
        2.3043155670166016,
        2.3044281005859375,
        2.3026673793792725,
        2.3013265132904053,
        2.301179885864258,
        2.3020286560058594,
        2.301408052444458,
        2.3015949726104736,
        2.304004192352295,
        2.3009278774261475,
        2.300489664077759,
        2.3003721237182617,
        2.3003602027893066,
        2.3051836490631104,
        2.3069427013397217,
        2.301823854446411,
        2.2975692749023438,
        2.304551362991333,
        2.3052897453308105,
        2.315744638442993,
        2.303234100341797,
        2.298888921737671,
        2.3015942573547363,
        2.3036553859710693,
        2.306093454360962,
        2.3010051250457764,
        2.302610397338867,
        2.304316759109497,
        2.300717830657959,
        2.303560733795166,
        2.301671266555786,
        2.304133176803589,
        2.3051412105560303,
        2.3035659790039062,
        2.302570104598999,
        2.3028786182403564,
        2.3039894104003906,
        2.304638385772705,
        2.300473213195801,
        2.3039238452911377,
        2.3015286922454834,
        2.3038110733032227,
        2.300524950027466,
        2.3028860092163086,
        2.3045685291290283,
        2.301036834716797,
        2.297731399536133,
        2.3008553981781006,
        2.3038907051086426,
        2.3034799098968506,
        2.3047714233398438,
        2.301675319671631,
        2.3032546043395996,
        2.3027141094207764,
        2.3005030155181885,
        2.301217794418335,
        2.3005495071411133,
        2.301933765411377,
        2.301166534423828,
        2.3031790256500244,
        2.302635669708252,
        2.3004965782165527,
        2.2998976707458496,
        2.303011417388916,
        2.3001937866210938,
        2.302464246749878,
        2.3031647205352783,
        2.30660080909729,
        2.3032150268554688,
        2.301255464553833,
        2.301746368408203,
        2.30731463432312,
        2.3022971153259277,
        2.3041229248046875,
        2.305096387863159,
        2.3032491207122803,
        2.30529522895813,
        2.301650047302246,
        2.3016910552978516,
        2.300445556640625,
        2.3022007942199707,
        2.3004088401794434,
        2.3037257194519043,
        2.3027756214141846
      ]
    ],
    "train_acc": [
      9.71875,
      9.78125
    ],