{
  "config": {
    "run_name": "exp1_2_L2_K128",
    "out_dir": "./results",
    "seed": 1360664947,
    "bs_train": 128,
    "bs_test": 32,
    "batches": 100,
    "epochs": 100,
    "early_stopping": 3,
    "checkpoints": null,
    "lr": 0.001,
    "reg": 0.001,
    "filters_per_layer": [
      128
    ],
    "layers_per_block": 2,
    "pool_every": 2,
    "hidden_dims": [
      1024
    ],
    "ycn": false,
    "kw": {}
  },
  "results": {
    "num_epochs": 0,
    "train_loss": [
      1.99465740442276,
      1.5689181196689606,
      1.4144229578971863,
      1.3042439818382263,
      1.2193219983577728,
      1.1433225166797638,
      1.090502574443817,
      1.0128226971626282,
      0.8962136542797089,
      0.7924875265359879,
      0.70570333391428
    ],
    "train_acc": [
      29.0703125,
      43.2421875,
      49.2734375,
      53.5625,
      56.8515625,
      59.7890625,
      61.3359375,
      64.265625,
      69.1953125,
      72.9140625,
      76.1328125
    ],
    "test_loss": [
      1.624002420902252,
      1.4680369257926942,
      1.3404354202747344,
      1.2431619507074356,
      1.179705803990364,
      1.1320984768867492,
      1.086967591047287,
      1.011347349882126,
      0.9249771773815155,
      0.7753637304902077,
      0.7552049198746681
    ],
    "test_acc": [
      42.125,
      46.84375,
      52.3125,
      55.28125,
      57.9375,
      59.875,
      62.09375,
      64.8125,
      67.65625,
      73.90625,
      73.5
    ]
  }
}