{
  "config": {
    "run_name": "exp1_1_K32_L8",
    "out_dir": "./results",
    "seed": 1360664947,
    "bs_train": 128,
    "bs_test": 32,
    "batches": 100,
    "epochs": 100,
    "early_stopping": 3,
    "checkpoints": null,
    "lr": 0.001,
    "reg": 0.001,
    "filters_per_layer": [
      32
    ],
    "layers_per_block": 8,
    "pool_every": 8,
    "hidden_dims": [
      1024
    ],
    "ycn": false,
    "kw": {}
  },
  "results": {
    "num_epochs": 0,
    "train_loss": [
      2.1286947751045227,
      1.9048091971874237,
      1.8398432695865632,
      1.7912010264396667,
      1.7284921681880951,
      1.6306485879421233,
      1.5162567567825318,
      1.3863904428482057,
      1.2421228098869324,
      1.137216073870659,
      0.9813338845968247
    ],
    "train_acc": [
      20.421875,
      29.953125,
      32.578125,
      34.875,
      37.4140625,
      41.2109375,
      45.65625,
      50.078125,
      55.4609375,
      59.15625,
      64.640625
    ],
    "test_loss": [
      1.9689013731479645,
      1.872417905330658,
      1.8213367462158203,
      1.7530088353157043,
      1.687230693101883,
      1.5591651916503906,
      1.4365299940109253,
      1.31693075299263,
      1.2631353813409805,
      1.1213221091032028,
      1.1014524084329604
    ],
    "test_acc": [
      28.0,
      30.59375,
      33.5,
      36.4375,
      39.625,
      44.15625,
      48.0,
      51.96875,
      55.40625,
      59.96875,
      59.96875
    ]
  }
}