{
  "config": {
    "run_name": "exp1_2_L8_K64",
    "out_dir": "./results",
    "seed": 743901430,
    "bs_train": 128,
    "bs_test": 32,
    "batches": 100,
    "epochs": 100,
    "early_stopping": 3,
    "checkpoints": null,
    "lr": 0.001,
    "reg": 0.001,
    "filters_per_layer": [
      64
    ],
    "layers_per_block": 8,
    "pool_every": 8,
    "hidden_dims": [
      1024
    ],
    "ycn": false,
    "kw": {}
  },
  "results": {
    "num_epochs": 0,
    "train_loss": [
      [
        2.299616575241089,
        2.324226140975952,
        2.30836820602417,
        2.317528009414673,
        2.3007314205169678,
        2.3006019592285156,
        2.341477870941162,
        2.304216146469116,
        2.3066914081573486,
        2.303086996078491,
        2.301783800125122,
        2.3024837970733643,
        2.303431510925293,
        2.302206516265869,
        2.3012380599975586,
        2.3047425746917725,
        2.3022942543029785,
        2.3024215698242188,
        2.304290771484375,
        2.3017733097076416,
        2.3025083541870117,
        2.3020153045654297,
        2.2986931800842285,
        2.3035225868225098,
        2.305067777633667,
        2.3003783226013184,
        2.301957368850708,
        2.299978733062744,
        2.2991783618927,
        2.3042356967926025,
        2.3055758476257324,
        2.3019018173217773,
        2.2972848415374756,
        2.307297468185425,
        2.303323745727539,
        2.3102006912231445,
        2.3025131225585938,
        2.3011863231658936,
        2.3037607669830322,
        2.303452730178833,
        2.303262233734131,
        2.3024613857269287,
        2.302537679672241,
        2.3036293983459473,
        2.3018977642059326,
        2.304765224456787,
        2.302811861038208,
        2.30546236038208,
        2.3017561435699463,
        2.302241563796997,
        2.299575090408325,
        2.2996578216552734,
        2.3055853843688965,
        2.30271315574646,
        2.3011674880981445,
        2.302358388900757,
        2.3032593727111816,
        2.303060293197632,
        2.305539608001709,
        2.3011977672576904,
        2.3052074909210205,
        2.3009371757507324,
        2.2992441654205322,
        2.3021814823150635,
        2.305326223373413,
        2.3023386001586914,
        2.303783893585205,
        2.302947521209717,
        2.303100109100342,
        2.304129123687744,
        2.3016529083251953,
        2.3006768226623535,
        2.3015708923339844,
        2.3027946949005127,
        2.2998592853546143,
        2.3039329051971436,
        2.300143003463745,
        2.300654649734497,
        2.3005805015563965,
        2.3019320964813232,
        2.3035106658935547,
        2.3016936779022217,
        2.3033289909362793,
        2.305309772491455,
        2.3042869567871094,
        2.3010201454162598,
        2.302471876144409,
        2.3062031269073486,
        2.3009495735168457,
        2.3048758506774902,
        2.306321382522583,
        2.305222988128662,
        2.305527448654175,
        2.302124500274658,
        2.301647663116455,
        2.3027844429016113,
        2.301882028579712,
        2.301339626312256,
        2.3039908409118652,
        2.303229570388794
      ],
      [
        2.3014681339263916,
        2.3020248413085938,
        2.3032569885253906,
        2.3030056953430176,
        2.3012421131134033,
        2.303420066833496,
        2.301389217376709,
        2.3010525703430176,
        2.304440975189209,
        2.3027243614196777,
        2.302440881729126,
        2.303500175476074,
        2.3056693077087402,
        2.30086612701416,
        2.302487850189209,
        2.3040194511413574,
        2.3028111457824707,
        2.304239511489868,
        2.3030247688293457,
        2.3019981384277344,
        2.3020429611206055,
        2.3021023273468018,
        2.301382541656494,
        2.3028578758239746,
        2.30483341217041,
        2.30130672454834,
        2.301706552505493,
        2.3009073734283447,
        2.300187110900879,
        2.304769992828369,
        2.3071274757385254,
        2.3012571334838867,
        2.2979679107666016,
        2.3031210899353027,
        2.3027279376983643,
        2.308823347091675,
        2.304633855819702,
        2.300546169281006,
        2.3016600608825684,
        2.3026039600372314,
        2.3045618534088135,
        2.301870822906494,
        2.3029184341430664,
        2.303943634033203,
        2.302672863006592,
        2.303750991821289,
        2.3023579120635986,
        2.30633282661438,
        2.3021912574768066,
        2.3020734786987305,
        2.299665927886963,
        2.299781322479248,
        2.304151773452759,
        2.3025622367858887,
        2.3005869388580322,
        2.302619695663452,
        2.3023669719696045,
        2.3028812408447266,
        2.3033103942871094,
        2.3017420768737793,
        2.3050050735473633,
        2.3006134033203125,
        2.2984776496887207,
        2.3015334606170654,
        2.3049256801605225,
        2.302572727203369,
        2.304394483566284,
        2.302668571472168,
        2.303156852722168,
        2.303938627243042,
        2.301347017288208,
        2.3003222942352295,
        2.301126003265381,
        2.3026654720306396,
        2.300586700439453,
        2.30368709564209,
        2.3002312183380127,
        2.300358295440674,
        2.3004417419433594,
        2.302161693572998,
        2.303278923034668,
        2.3019320964813232,
        2.3032052516937256,
        2.3053395748138428,
        2.3042118549346924,
        2.3013546466827393,
        2.301849126815796,
        2.3053524494171143,
        2.3016622066497803,
        2.303036689758301,
        2.3048853874206543,
        2.30312180519104,
        2.304431438446045,
        2.3021810054779053,
        2.3017890453338623,
        2.3021624088287354,
        2.302992820739746,
        2.300361394882202,
        2.303772449493408,
        2.302492380142212
      ]
    ],
    "train_acc": [
      9.9296875,
      10.3203125
    ],