{
  "config": {
    "run_name": "exp1_3_L2_K64-128-256",
    "out_dir": "./results",
    "seed": 1360664947,
    "bs_train": 128,
    "bs_test": 32,
    "batches": 100,
    "epochs": 100,
    "early_stopping": 3,
    "checkpoints": null,
    "lr": 0.001,
    "reg": 0.001,
    "filters_per_layer": [
      64,
      128,
      256
    ],
    "layers_per_block": 2,
    "pool_every": 2,
    "hidden_dims": [
      1024
    ],
    "ycn": false,
    "kw": {}
  },
  "results": {
    "num_epochs": 0,
    "train_loss": [
      2.123628929853439,
      1.8980497050285339,
      1.7185851848125457,
      1.591244637966156,
      1.4833856451511382,
      1.3899532055854797,
      1.301408576965332,
      1.2299120402336121,
      1.1366424089670182,
      1.025796936750412,
      0.9258413916826248,
      0.8356704843044281,
      0.7931795859336853,
      0.7512941014766693
    ],
    "train_acc": [
      21.125,
      29.6171875,
      36.4765625,
      41.6875,
      45.8515625,
      49.421875,
      52.671875,
      55.625,
      59.0078125,
      63.8671875,
      67.1484375,
      70.5546875,
      72.2734375,
      73.484375
    ],
    "test_loss": [
      2.0140409421920777,
      1.7935104179382324,
      1.706554479598999,
      1.5543633270263673,
      1.465010415315628,
      1.3673038291931152,
      1.283553993701935,
      1.195019130706787,
      1.0816903382539749,
      1.0063894242048264,
      0.9119956547021866,
      0.8931138154864311,
      0.7875258034467697,
      0.8735033988952636
    ],
    "test_acc": [
      25.90625,
      33.59375,
      37.1875,
      42.75,
      46.90625,
      49.8125,
      53.34375,
      57.40625,
      62.46875,
      64.15625,
      67.34375,
      68.46875,
      71.625,
      70.15625
    ]
  }
}