{
  "config": {
    "run_name": "exp1_3_L3_K64-128-256",
    "out_dir": "./results",
    "seed": 743901430,
    "bs_train": 128,
    "bs_test": 32,
    "batches": 100,
    "epochs": 100,
    "early_stopping": 3,
    "checkpoints": null,
    "lr": 0.001,
    "reg": 0.001,
    "filters_per_layer": [
      64,
      128,
      256
    ],
    "layers_per_block": 3,
    "pool_every": 3,
    "hidden_dims": [
      1024
    ],
    "ycn": false,
    "kw": {}
  },
  "results": {
    "num_epochs": 0,
    "train_loss": [
      [
        2.3027541637420654,
        2.3079416751861572,
        2.2999627590179443,
        2.308288812637329,
        2.3024744987487793,
        2.3041512966156006,
        2.3047773838043213,
        2.3045923709869385,
        2.3039402961730957,
        2.3037497997283936,
        2.302614450454712,
        2.3025643825531006,
        2.3036012649536133,
        2.30169677734375,
        2.304473638534546,
        2.3042829036712646,
        2.3054521083831787,
        2.302529811859131,
        2.3037405014038086,
        2.300809383392334,
        2.302351951599121,
        2.302968978881836,
        2.300851583480835,
        2.303868532180786,
        2.3041720390319824,
        2.300325632095337,
        2.300912857055664,
        2.2992515563964844,
        2.298048496246338,
        2.311053991317749,
        2.309941291809082,
        2.3028275966644287,
        2.299666404724121,
        2.3036410808563232,
        2.304180860519409,
        2.306703805923462,
        2.3010213375091553,
        2.3017044067382812,
        2.303880214691162,
        2.3041558265686035,
        2.3030588626861572,
        2.3002688884735107,
        2.301886796951294,
        2.3033840656280518,
        2.3017263412475586,
        2.3032360076904297,
        2.300936698913574,
        2.304969549179077,
        2.3018338680267334,
        2.3028512001037598,
        2.3033647537231445,
        2.3024396896362305,
        2.307210922241211,
        2.3035216331481934,
        2.303027391433716,
        2.3034393787384033,
        2.304713487625122,
        2.304356575012207,
        2.3047547340393066,
        2.3006279468536377,
        2.304593801498413,
        2.3021299839019775,
        2.3011770248413086,
        2.3018126487731934,
        2.304488182067871,
        2.3021399974823,
        2.3028295040130615,
        2.301480531692505,
        2.3023533821105957,
        2.3022356033325195,
        2.300325632095337,
        2.303471326828003,
        2.3020474910736084,
        2.3020825386047363,
        2.299856424331665,
        2.3026232719421387,
        2.3046982288360596,
        2.301191568374634,
        2.30051589012146,
        2.302227020263672,
        2.2989702224731445,
        2.301811456680298,
        2.30405855178833,
        2.3063950538635254,
        2.3032748699188232,
        2.301034688949585,
        2.303156852722168,
        2.307438373565674,
        2.3038647174835205,
        2.3050851821899414,
        2.30436110496521,
        2.304579257965088,
        2.304250717163086,
        2.302884578704834,
        2.302968740463257,
        2.302847146987915,
        2.303739547729492,
        2.3004140853881836,
        2.304762840270996,
        2.30259370803833
      ],
      [
        2.30363130569458,
        2.3024415969848633,
        2.303112506866455,
        2.3016672134399414,
        2.300907611846924,
        2.3028738498687744,
        2.302363157272339,
        2.3020823001861572,
        2.303925037384033,
        2.3028318881988525,
        2.302330255508423,
        2.302755832672119,
        2.303741693496704,
        2.3019347190856934,
        2.3027291297912598,
        2.303518295288086,
        2.303931951522827,
        2.3039674758911133,
        2.3024213314056396,
        2.30198073387146,
        2.3003454208374023,
        2.303208589553833,
        2.30188250541687,
        2.303030252456665,
        2.3048629760742188,
        2.3022055625915527,
        2.301973342895508,
        2.30326771736145,
        2.3018577098846436,
        2.303823471069336,
        2.303298234939575,
        2.301440715789795,
        2.300865411758423,
        2.3019535541534424,
        2.3023059368133545,
        2.304304838180542,
        2.3033294677734375,
        2.3007233142852783,
        2.301994562149048,
        2.303104877471924,
        2.3040482997894287,
        2.3008081912994385,
        2.302359104156494,
        2.303560495376587,
        2.3015997409820557,
        2.3035025596618652,
        2.3013226985931396,
        2.3054351806640625,
        2.302476167678833,
        2.302987575531006,
        2.3013064861297607,
        2.3011484146118164,
        2.305788278579712,
        2.3035647869110107,
        2.301224708557129,
        2.3026726245880127,
        2.3032400608062744,
        2.3048243522644043,
        2.3027286529541016,
        2.301485538482666,
        2.305159330368042,
        2.3016414642333984,
        2.298689603805542,
        2.302314281463623,
        2.304391622543335,
        2.302248477935791,
        2.3039767742156982,
        2.301583766937256,
        2.3027501106262207,
        2.3028581142425537,
        2.3014976978302,
        2.3013594150543213,
        2.3017683029174805,
        2.3019936084747314,
        2.3016350269317627,
        2.30194091796875,
        2.3020482063293457,
        2.3012804985046387,
        2.301032066345215,
        2.302058458328247,
        2.3011648654937744,
        2.3021626472473145,
        2.3024113178253174,
        2.3048787117004395,
        2.303161144256592,
        2.3013579845428467,
        2.301600933074951,
        2.304990530014038,
        2.301737070083618,
        2.304117441177368,
        2.304971694946289,
        2.3043365478515625,
        2.304989814758301,
        2.3024821281433105,
        2.3024861812591553,
        2.3018126487731934,
        2.3040573596954346,
        2.299508810043335,
        2.304934024810791,
        2.3026235103607178
      ],
      [
        2.304227590560913,
        2.3023369312286377,
        2.303908348083496,
        2.301469326019287,
        2.300443410873413,
        2.303591251373291,
        2.301105499267578,
        2.3022475242614746,
        2.303023338317871,
        2.303030252456665,
        2.302462577819824,
        2.3026442527770996,
        2.3044497966766357,
        2.3016669750213623,
        2.302161455154419,
        2.303384780883789,
        2.303556203842163,
        2.3047280311584473,
        2.302009105682373,
        2.301994800567627,
        2.2998979091644287,
        2.3030683994293213,
        2.302058219909668,
        2.302992820739746,
        2.305161476135254,
        2.3023879528045654,
        2.301678419113159,
        2.303640365600586,
        2.302555561065674,
        2.3040788173675537,
        2.3037264347076416,
        2.3011882305145264,
        2.3009655475616455,
        2.3014726638793945,
        2.3018205165863037,
        2.3033978939056396,
        2.304250478744507,
        2.3003220558166504,
        2.3013675212860107,
        2.3030028343200684,
        2.304412841796875,
        2.300771474838257,
        2.3029110431671143,
        2.3037405014038086,
        2.3019063472747803,
        2.3031530380249023,
        2.3011739253997803,
        2.305955171585083,
        2.303070068359375,
        2.3028011322021484,
        2.301062822341919,
        2.3011624813079834,
        2.3047189712524414,
        2.3031773567199707,
        2.3004610538482666,
        2.302978277206421,
        2.302844285964966,
        2.3042397499084473,
        2.3016889095306396,
        2.301544427871704,
        2.3051490783691406,
        2.3013627529144287,
        2.2981131076812744,
        2.3016860485076904,
        2.304346799850464,
        2.3023340702056885,
        2.303997278213501,
        2.301665782928467,
        2.302832841873169,
        2.302908182144165,
        2.301405191421509,
