{
  "config": {
    "run_name": "exp1_1_K64_L8",
    "out_dir": "./results",
    "seed": 1360664947,
    "bs_train": 128,
    "bs_test": 32,
    "batches": 100,
    "epochs": 100,
    "early_stopping": 3,
    "checkpoints": null,
    "lr": 0.001,
    "reg": 0.001,
    "filters_per_layer": [
      64
    ],
    "layers_per_block": 8,
    "pool_every": 8,
    "hidden_dims": [
      1024
    ],
    "ycn": false,
    "kw": {}
  },
  "results": {
    "num_epochs": 0,
    "train_loss": [
      2.137732139825821,
      1.9113732087612152,
      1.8231553363800048,
      1.715515125989914,
      1.5948074233531953,
      1.464427378177643,
      1.3332448101043701,
      1.2312928080558776,
      1.1677757179737092,
      1.0216575241088868,
      0.8626307529211045,
      0.785316353738308,
      0.7214261737465858
    ],
    "train_acc": [
      20.4921875,
      29.8046875,
      33.7265625,
      37.671875,
      42.546875,
      46.90625,
      52.015625,
      56.1796875,
      59.140625,
      64.234375,
      69.703125,
      72.078125,
      74.46875
    ],
    "test_loss": [
      1.9660473585128784,
      1.8852246224880218,
      1.8009612607955932,
      1.6746300315856935,
      1.5412680947780608,
      1.423852762579918,
      1.3904992651939392,
      1.414463101029396,
      1.490597446858883,
      1.0606050950288772,
      0.9595453369617463,
      0.8554516723752021,
      1.1146841859817505
    ],
    "test_acc": [
      28.03125,
      31.1875,
      35.25,
      39.625,
      43.4375,
      48.78125,
      50.90625,
      52.71875,
      53.4375,
      64.40625,
      67.40625,
      69.9375,
      60.34375
    ]
  }
}