{
  "config": {
    "run_name": "exp1_3_L4_K64-128-256",
    "out_dir": "./results",
    "seed": 743901430,
    "bs_train": 128,
    "bs_test": 32,
    "batches": 100,
    "epochs": 100,
    "early_stopping": 3,
    "checkpoints": null,
    "lr": 0.001,
    "reg": 0.001,
    "filters_per_layer": [
      64,
      128,
      256
    ],
    "layers_per_block": 4,
    "pool_every": 4,
    "hidden_dims": [
      1024
    ],
    "ycn": false,
    "kw": {}
  },
  "results": {
    "num_epochs": 0,
    "train_loss": [
      [
        2.3032782077789307,
        2.303257465362549,
        2.3026249408721924,
        2.308459520339966,
        2.3026511669158936,
        2.3055951595306396,
        2.303513526916504,
        2.301969051361084,
        2.304255485534668,
        2.306272506713867,
        2.301548957824707,
        2.3055121898651123,
        2.300170421600342,
        2.3031840324401855,
        2.3064589500427246,
        2.3050074577331543,
        2.304197072982788,
        2.3010079860687256,
        2.3051300048828125,
        2.303276300430298,
        2.3017940521240234,
        2.3029301166534424,
        2.2999489307403564,
        2.3038737773895264,
        2.3047008514404297,
        2.3015894889831543,
        2.3033838272094727,
        2.301678419113159,
        2.301133632659912,
        2.3027114868164062,
        2.304849147796631,
        2.3021433353424072,
        2.2996301651000977,
        2.304971218109131,
        2.3039515018463135,
        2.3090853691101074,
        2.301931381225586,
        2.3002753257751465,
        2.302633285522461,
        2.3043975830078125,
        2.303755760192871,
        2.300915002822876,
        2.3016607761383057,
        2.3050696849823,
        2.3011929988861084,
        2.304677963256836,
        2.30216121673584,
        2.3046348094940186,
        2.301650285720825,
        2.3042690753936768,
        2.3016724586486816,
        2.3014700412750244,
        2.3072288036346436,
        2.303394317626953,
        2.3021414279937744,
        2.301302433013916,
        2.3031320571899414,
        2.3048229217529297,
        2.304962158203125,
        2.3024725914001465,
        2.3051555156707764,
        2.3025739192962646,
        2.2992186546325684,
        2.3043646812438965,
        2.30424427986145,
        2.3030545711517334,
        2.3035600185394287,
        2.3018691539764404,
        2.3031837940216064,
        2.3033292293548584,
        2.302035093307495,
        2.3011159896850586,
        2.301870346069336,
        2.303006410598755,
        2.301847457885742,
        2.3024473190307617,
        2.300835132598877,
        2.3012161254882812,
        2.2999298572540283,
        2.3017139434814453,
        2.3019745349884033,
        2.3023133277893066,
        2.303372621536255,
        2.304967164993286,
        2.3036282062530518,
        2.3010857105255127,
        2.3023970127105713,
        2.306079626083374,
        2.302480459213257,
        2.304088592529297,
        2.3043975830078125,
        2.303605556488037,
        2.3045928478240967,
        2.302764892578125,
        2.3025410175323486,
        2.3012592792510986,
        2.3029367923736572,
        2.300563335418701,
        2.303737163543701,
        2.3034701347351074
      ],
      [
        2.3037269115448,
        2.3003299236297607,
        2.3037943840026855,
        2.3030457496643066,
        2.3011703491210938,
        2.3039491176605225,
        2.301567554473877,
        2.3013722896575928,
        2.3033504486083984,
        2.303882360458374,
        2.302410125732422,
        2.3038547039031982,
        2.3025014400482178,
        2.3025782108306885,
        2.3037478923797607,
        2.3036346435546875,
        2.3031671047210693,
        2.3036279678344727,
        2.3028147220611572,
        2.303166389465332,
        2.3002798557281494,
        2.3028621673583984,
        2.301422119140625,
        2.302732229232788,
        2.3049707412719727,
        2.3025569915771484,
        2.302600860595703,
        2.3033432960510254,
        2.303178310394287,
        2.3022031784057617,
        2.3040833473205566,
        2.301161289215088,
        2.300718307495117,
        2.3027968406677246,
        2.3016812801361084,
        2.304422378540039,
        2.30423903465271,
        2.300109624862671,
        2.3009908199310303,
        2.3032026290893555,
        2.303792953491211,
        2.301480293273926,
        2.3028104305267334,
        2.304450273513794,
        2.301603317260742,
        2.304027795791626,
        2.3022501468658447,
        2.3049354553222656,
        2.3029630184173584,
        2.3034579753875732,
        2.3004465103149414,
        2.300996780395508,
        2.3044745922088623,
        2.303021192550659,
        2.3004066944122314,
        2.3020005226135254,
        2.301915168762207,
        2.303910255432129,
        2.3026437759399414,
        2.3026912212371826,
        2.304978847503662,
        2.3018062114715576,
        2.2980797290802,
        2.3030993938446045,
        2.3040804862976074,
        2.303069591522217,
        2.303974151611328,
        2.301731824874878,
        2.30325984954834,
        2.3032352924346924,
        2.3018994331359863,
        2.300713539123535,
        2.3014700412750244,
        2.302549362182617,
        2.3020246028900146,
        2.302480697631836,
        2.3006107807159424,
        2.3010382652282715,
        2.3000237941741943,
        2.3020427227020264,
        2.3021280765533447,
        2.302574634552002,
        2.3031017780303955,
        2.304896593093872,
        2.303628921508789,
        2.301299571990967,
        2.301478862762451,
        2.3050718307495117,
        2.3015458583831787,
        2.3034815788269043,
        2.304896593093872,
        2.303471565246582,
        2.3050220012664795,
        2.302231550216675,
        2.3022661209106445,
        2.3012735843658447,
        2.303208589553833,
        2.3001201152801514,
        2.303879499435425,
        2.3032495975494385
      ]
    ],
    "train_acc": [
      9.8828125,
      10.3515625
    ],