{
  "config": {
    "run_name": "exp1_1_K32_L16",
    "out_dir": "./results",
    "seed": 1360664947,
    "bs_train": 128,
    "bs_test": 32,
    "batches": 100,
    "epochs": 100,
    "early_stopping": 3,
    "checkpoints": null,
    "lr": 0.001,
    "reg": 0.001,
    "filters_per_layer": [
      32
    ],
    "layers_per_block": 16,
    "pool_every": 16,
    "hidden_dims": [
      1024
    ],
    "ycn": false,
    "kw": {}
  },
  "results": {
    "num_epochs": 0,
    "train_loss": [
      2.3031574368476866,
      2.3024961972236633
    ],
    "train_acc": [
      10.046875,
      10.09375
    ],
    "test_loss": [
      2.3025239586830137,
      2.3025088262557984
    ],
    "test_acc": [
      10.3125,
      10.3125
    ]
  }
}