{
  "config": {
    "run_name": "exp1_1_K64_L8",
    "out_dir": "./results",
    "seed": 743901430,
    "bs_train": 128,
    "bs_test": 32,
    "batches": 100,
    "epochs": 100,
    "early_stopping": 3,
    "checkpoints": null,
    "lr": 0.001,
    "reg": 0.001,
    "filters_per_layer": [
      64
    ],
    "layers_per_block": 8,
    "pool_every": 8,
    "hidden_dims": [
      1024
    ],
    "ycn": false,
    "kw": {}
  },
  "results": {
    "num_epochs": 0,
    "train_loss": [
      [
        2.299616575241089,
        2.324226140975952,
        2.308367967605591,
        2.317528009414673,
        2.300731897354126,
        2.30060076713562,
        2.34157133102417,
        2.3042335510253906,
        2.306758165359497,
        2.3030550479888916,
        2.301737070083618,
        2.3024983406066895,
        2.3034400939941406,
        2.3021950721740723,
        2.301229476928711,
        2.3047409057617188,
        2.3022913932800293,
        2.302405834197998,
        2.3043065071105957,
        2.3017730712890625,
        2.302523612976074,
        2.302006483078003,
        2.298675537109375,
        2.3035295009613037,
        2.3050734996795654,
        2.3003838062286377,
        2.30202317237854,
        2.3000361919403076,
        2.2992372512817383,
        2.3040523529052734,
        2.305460214614868,
        2.3018853664398193,
        2.297360420227051,
        2.3071389198303223,
        2.303281545639038,
        2.310145854949951,
        2.302550792694092,
        2.301234722137451,
        2.303861618041992,
        2.303335666656494,
        2.3033390045166016,
        2.3025293350219727,
        2.302363872528076,
        2.3035714626312256,
        2.3019418716430664,
        2.304769515991211,
        2.3027586936950684,
        2.3056187629699707,
        2.301692247390747,
        2.3022477626800537,
        2.299665927886963,
        2.29966139793396,
        2.305634021759033,
        2.30275821685791,
        2.3012125492095947,
        2.302356243133545,
        2.303291082382202,
        2.3031017780303955,
        2.305630922317505,
        2.301171064376831,
        2.305203914642334,
        2.3009486198425293,
        2.2992970943450928,
        2.302232265472412,
        2.305349349975586,
        2.3023242950439453,
        2.3037493228912354,
        2.3029589653015137,
        2.3030872344970703,
        2.3041281700134277,
        2.30171537399292,
        2.3006997108459473,
        2.3015987873077393,
        2.302769184112549,
        2.2998108863830566,
        2.304002046585083,
        2.3001317977905273,
        2.3007264137268066,
        2.3006231784820557,
        2.3019473552703857,
        2.30359148979187,
        2.3016531467437744,
        2.3033316135406494,
        2.3053081035614014,
        2.304413080215454,
        2.3012685775756836,
        2.3024966716766357,
        2.305779218673706,
        2.3025312423706055,
        2.303285837173462,
        2.3047966957092285,
        2.303623676300049,
        2.303818702697754,
        2.3023366928100586,
        2.3020455837249756,
        2.302466630935669,
        2.3029685020446777,
        2.300534963607788,
        2.303699016571045,
        2.3022806644439697
      ],
      [
        2.3020691871643066,
        2.302330255508423,
        2.30364990234375,
        2.302938461303711,
        2.301478624343872,
        2.3037991523742676,
        2.3004074096679688,
        2.30088472366333,
        2.303461790084839,
        2.304250955581665,
        2.30178165435791,
        2.3030452728271484,
        2.30318021774292,
        2.3022847175598145,
        2.301574468612671,
        2.3042500019073486,
        2.3024561405181885,
        2.303772211074829,
        2.3030669689178467,
        2.302161455154419,
        2.3009231090545654,
        2.3025624752044678,
        2.300222158432007,
        2.3033103942871094,
        2.305612087249756,
        2.301751136779785,
        2.302307605743408,
        2.302598476409912,
        2.3019168376922607,
        2.303175687789917,
        2.3042774200439453,
        2.301297664642334,
        2.299025535583496,
        2.3026785850524902,
        2.301894187927246,
        2.3066015243530273,
        2.3046963214874268,
        2.300750732421875,
        2.301663875579834,
        2.302546262741089,
        2.3047666549682617,
        2.3012943267822266,
        2.302314519882202,
        2.304509162902832,
        2.302417516708374,
        2.303832530975342,
        2.3017687797546387,
        2.307452917098999,
        2.302717924118042,
        2.303227663040161,
        2.300344705581665,
        2.300133228302002,
        2.3045687675476074,
        2.3027262687683105,
        2.300389289855957,
        2.302717924118042,
        2.3023691177368164,
        2.3030710220336914,
        2.3036000728607178,
        2.3019979000091553,
        2.3052215576171875,
        2.300670623779297,
        2.298349142074585,
        2.301429271697998,
        2.3050971031188965,
        2.302422523498535,
        2.3044633865356445,
        2.3029186725616455,
        2.3030877113342285,
        2.304008960723877,
        2.3015542030334473,
        2.3002095222473145,
        2.3012583255767822,
        2.3023617267608643,
        2.3005099296569824,
        2.303478717803955,
        2.300489902496338,
        2.3004822731018066,
        2.3006343841552734,
        2.3023576736450195,
        2.303389549255371,
        2.301889181137085,
        2.303354024887085,
        2.305380344390869,
        2.3043317794799805,
        2.3013405799865723,
        2.3017165660858154,
        2.3050882816314697,
        2.3017327785491943,
        2.303100109100342,
        2.305250883102417,
        2.303325653076172,
        2.3042163848876953,
        2.3019981384277344,
        2.301654815673828,
        2.302562713623047,
        2.302455186843872,
        2.300753355026245,
        2.3035497665405273,
        2.302652597427368
      ]
    ],
    "train_acc": [
      10.140625,
      10.0234375
    ],