{
  "config": {
    "run_name": "exp1_2_L8_K128",
    "out_dir": "./results",
    "seed": 1360664947,
    "bs_train": 128,
    "bs_test": 32,
    "batches": 100,
    "epochs": 100,
    "early_stopping": 3,
    "checkpoints": null,
    "lr": 0.001,
    "reg": 0.001,
    "filters_per_layer": [
      128
    ],
    "layers_per_block": 8,
    "pool_every": 8,
    "hidden_dims": [
      1024
    ],
    "ycn": false,
    "kw": {}
  },
  "results": {
    "num_epochs": 0,
    "train_loss": [
      2.3040513920784,
      2.302544798851013
    ],
    "train_acc": [
      9.640625,
      9.9296875
    ],
    "test_loss": [
      2.3024402236938477,
      2.302460420131683
    ],
    "test_acc": [
      10.3125,
      10.3125
    ]
  }
}