{
  "config": {
    "run_name": "exp1_2_L4_K128",
    "out_dir": "./results",
    "seed": 1360664947,
    "bs_train": 128,
    "bs_test": 32,
    "batches": 100,
    "epochs": 100,
    "early_stopping": 3,
    "checkpoints": null,
    "lr": 0.001,
    "reg": 0.001,
    "filters_per_layer": [
      128
    ],
    "layers_per_block": 4,
    "pool_every": 4,
    "hidden_dims": [
      1024
    ],
    "ycn": false,
    "kw": {}
  },
  "results": {
    "num_epochs": 0,
    "train_loss": [
      2.030959138870239,
      1.6485003018379212,
      1.4536102604866028,
      1.3109786999225617,
      1.1653223091363907,
      1.0253892159461975,
      0.8870427876710891,
      0.7627578884363174
    ],
    "train_acc": [
      24.7890625,
      40.2890625,
      47.3046875,
      52.6640625,
      58.0625,
      63.8828125,
      68.5703125,
      72.7421875
    ],
    "test_loss": [
      1.799798560142517,
      1.5527711868286134,
      1.4054075217247008,
      1.289335205554962,
      1.164876970052719,
      1.0394074004888534,
      0.8896614596247673,
      0.9718844816088676
    ],
    "test_acc": [
      34.53125,
      43.71875,
      49.03125,
      54.28125,
      58.40625,
      62.375,
      69.09375,
      66.78125
    ]
  }
}