{
  "config": {
    "run_name": "exp1_3_L1_K64-128-256",
    "out_dir": "./results",
    "seed": 1360664947,
    "bs_train": 128,
    "bs_test": 32,
    "batches": 100,
    "epochs": 100,
    "early_stopping": 3,
    "checkpoints": null,
    "lr": 0.001,
    "reg": 0.001,
    "filters_per_layer": [
      64,
      128,
      256
    ],
    "layers_per_block": 1,
    "pool_every": 1,
    "hidden_dims": [
      1024
    ],
    "ycn": false,
    "kw": {}
  },
  "results": {
    "num_epochs": 0,
    "train_loss": [
      1.92554319024086,
      1.543717887401581,
      1.3847936844825746,
      1.2572524452209473,
      1.1591919392347336,
      1.0599660968780518,
      0.9805931037664414
    ],
    "train_acc": [
      28.765625,
      43.65625,
      49.8046875,
      54.6171875,
      58.3359375,
      62.0546875,
      65.0625
    ],
    "test_loss": [
      1.6371914541721344,
      1.464506511092186,
      1.3502025991678237,
      1.2334908264875413,
      1.1094285494089127,
      0.988279618024826,
      0.9766677996516228
    ],
    "test_acc": [
      40.78125,
      45.78125,
      50.46875,
      55.0625,
      60.28125,
      65.5,
      65.28125
    ]
  }
}