{
  "config": {
    "run_name": "exp1_2_L8_K32",
    "out_dir": "./results",
    "seed": 1360664947,
    "bs_train": 128,
    "bs_test": 32,
    "batches": 100,
    "epochs": 100,
    "early_stopping": 3,
    "checkpoints": null,
    "lr": 0.001,
    "reg": 0.001,
    "filters_per_layer": [
      32
    ],
    "layers_per_block": 8,
    "pool_every": 8,
    "hidden_dims": [
      1024
    ],
    "ycn": false,
    "kw": {}
  },
  "results": {
    "num_epochs": 0,
    "train_loss": [
      2.124269109964371,
      1.9079290854930877,
      1.8459109330177308,
      1.7922764706611634,
      1.7143228018283845,
      1.6040830183029176,
      1.5070794463157653,
      1.3915313160419465,
      1.2728987270593644,
      1.1575768631696701,
      1.0569755637645721,
      0.9789397811889649,
      0.8812877631187439,
      0.8633626207709313,
      0.7365030431747437
    ],
    "train_acc": [
      20.7578125,
      29.71875,
      32.59375,
      34.7421875,
      38.0625,
      42.6640625,
      46.25,
      50.4140625,
      54.6640625,
      58.9609375,
      63.3046875,
      65.546875,
      68.875,
      69.296875,
      74.03125
    ],
    "test_loss": [
      1.9706280243396759,
      1.8753931665420531,
      1.822538435459137,
      1.766909350156784,
      1.6581764566898345,
      1.5817839527130126,
      1.4642303895950317,
      1.345002590417862,
      1.2377507531642913,
      1.1686875641345977,
      1.1124436628818513,
      1.0157644963264465,
      0.9261729210615158,
      0.9125436130166054,
      1.0879445993900299
    ],
    "test_acc": [
      27.71875,
      31.03125,
      33.125,
      36.21875,
      41.0625,
      42.59375,
      45.65625,
      50.96875,
      55.9375,
      57.59375,
      60.78125,
      64.46875,
      67.90625,
      68.25,
      62.6875
    ]
  }
}