{
  "config": {
    "run_name": "exp1_2_L8_K258",
    "out_dir": "./results",
    "seed": 1360664947,
    "bs_train": 128,
    "bs_test": 32,
    "batches": 100,
    "epochs": 100,
    "early_stopping": 3,
    "checkpoints": null,
    "lr": 0.001,
    "reg": 0.001,
    "filters_per_layer": [
      258
    ],
    "layers_per_block": 8,
    "pool_every": 8,
    "hidden_dims": [
      1024
    ],
    "ycn": false,
    "kw": {}
  },
  "results": {
    "num_epochs": 0,
    "train_loss": [
      2.3038087558746336,
      1.8942632591724395,
      1.8089015221595763,
      1.7073788833618164,
      1.631448702812195,
      1.5407290661334991,
      1.4463303089141846,
      1.3362902069091798,
      1.2202993607521058,
      1.122261289358139,
      1.034163346886635
    ],
    "train_acc": [
      18.84375,
      30.890625,
      34.2109375,
      38.140625,
      40.828125,
      44.25,
      48.1796875,
      52.125,
      56.65625,
      60.546875,
      63.71875
    ],
    "test_loss": [
      1.9974016070365905,
      1.8685878646373748,
      1.733541147708893,
      1.6899330484867097,
      1.5747775900363923,
      1.489572114944458,
      1.4029222905635834,
      1.343820081949234,
      1.3797065484523774,
      1.203030325770378,
      1.2308065605163574
    ],
    "test_acc": [
      25.25,
      32.40625,
      36.625,
      38.78125,
      42.1875,
      45.53125,
      48.78125,
      51.0,
      52.75,
      57.90625,
      56.78125
    ]
  }
}