{
  "config": {
    "run_name": "exp1_1_K32_L8",
    "out_dir": "./results",
    "seed": 743901430,
    "bs_train": 128,
    "bs_test": 32,
    "batches": 100,
    "epochs": 100,
    "early_stopping": 3,
    "checkpoints": null,
    "lr": 0.001,
    "reg": 0.001,
    "filters_per_layer": [
      32
    ],
    "layers_per_block": 8,
    "pool_every": 8,
    "hidden_dims": [
      1024
    ],
    "ycn": false,
    "kw": {}
  },
  "results": {
    "num_epochs": 0,
    "train_loss": [
      [
        2.303849458694458,
        2.3386101722717285,
        2.3181920051574707,
        2.3436853885650635,
        2.3078904151916504,
        2.301762819290161,
        2.3169939517974854,
        2.3015031814575195,
        2.3098697662353516,
        2.300252914428711,
        2.3025426864624023,
        2.3019232749938965,
        2.3039674758911133,
        2.3018739223480225,
        2.306427001953125,
        2.3015620708465576,
        2.3045034408569336,
        2.3025596141815186,
        2.3030874729156494,
        2.3021254539489746,
        2.3023183345794678,
        2.301499843597412,
        2.3001368045806885,
        2.3009281158447266,
        2.3033714294433594,
        2.299767255783081,
        2.3000760078430176,
        2.298077344894409,
        2.298081636428833,
        2.306962251663208,
        2.3082590103149414,
        2.3036041259765625,
        2.2972662448883057,
        2.3070569038391113,
        2.3078551292419434,
        2.315493583679199,
        2.3013296127319336,
        2.299771785736084,
        2.302495002746582,
        2.303889036178589,
        2.305856704711914,
        2.300508975982666,
        2.301997423171997,
        2.30418062210083,
        2.2998766899108887,
        2.303764820098877,
        2.301501512527466,
        2.302842855453491,
        2.3053512573242188,
        2.3038926124572754,
        2.30344295501709,
        2.304091453552246,
        2.3046693801879883,
        2.3048999309539795,
        2.300950765609741,
        2.3040719032287598,
        2.3020520210266113,
        2.303622007369995,
        2.302631139755249,
        2.303028106689453,
        2.3037195205688477,
        2.3026621341705322,
        2.2994391918182373,
        2.302306652069092,
        2.302938461303711,
        2.303020477294922,
        2.3022727966308594,
        2.3026227951049805,
        2.3030762672424316,
        2.302394151687622,
        2.3023462295532227,
        2.3019843101501465,
        2.3017308712005615,
        2.3013720512390137,
        2.301162004470825,
        2.3030550479888916,
        2.302295207977295,
        2.3020522594451904,
        2.300595998764038,
        2.303164482116699,
        2.30110239982605,
        2.3029885292053223,
        2.303614854812622,
        2.303161144256592,
        2.303049087524414,
        2.302086353302002,
        2.301462173461914,
        2.3044610023498535,
        2.303467273712158,
        2.303255558013916,
        2.3047802448272705,
        2.3031563758850098,
        2.3041985034942627,
        2.301248073577881,
        2.3015353679656982,
        2.30047869682312,
        2.3009378910064697,
        2.3014163970947266,
        2.303734302520752,
        2.3031623363494873
      ],
      [
        2.303504228591919,
        2.300799608230591,
        2.3024744987487793,
        2.3022427558898926,
        2.301811933517456,
        2.301715850830078,
        2.3041481971740723,
        2.301290988922119,
        2.3053529262542725,
        2.300955057144165,
        2.3028647899627686,
        2.303582191467285,
        2.3061230182647705,
        2.3009843826293945,
        2.3028554916381836,
        2.3031673431396484,
        2.3043911457061768,
        2.3049023151397705,
        2.3031606674194336,
        2.300612211227417,
        2.3030121326446533,
        2.301809310913086,
        2.3015506267547607,
        2.3017351627349854,
        2.3037173748016357,
        2.3007500171661377,
        2.3000872135162354,
        2.300037145614624,
        2.3014750480651855,
        2.305124282836914,
        2.306565284729004,
        2.3015780448913574,
        2.2981603145599365,
        2.3037338256835938,
        2.3048415184020996,
        2.314084053039551,
        2.3031814098358154,
        2.2985949516296387,
        2.301938772201538,
        2.304201126098633,
        2.3061599731445312,
        2.3007960319519043,
        2.3026010990142822,
        2.304227828979492,
        2.3005614280700684,
        2.303593158721924,
        2.3016257286071777,
        2.3040084838867188,
        2.3051180839538574,
        2.303623914718628,
        2.302712917327881,
        2.302946090698242,
        2.3040857315063477,
        2.3044846057891846,
        2.3004872798919678,
        2.303706645965576,
        2.3014981746673584,
        2.30387020111084,
        2.2999773025512695,
        2.303041458129883,
        2.3046963214874268,
        2.3010430335998535,
        2.2974729537963867,
        2.300657272338867,
        2.3038575649261475,
        2.303508996963501,
        2.3054189682006836,
        2.30157470703125,
        2.30338978767395,
        2.302852153778076,
        2.300215005874634,
        2.3010079860687256,
        2.3003759384155273,
        2.302043914794922,
        2.301217555999756,
        2.303071975708008,
        2.3026111125946045,
        2.300382137298584,
        2.299760341644287,
        2.3030223846435547,
        2.3002209663391113,
        2.3024189472198486,
        2.3032357692718506,
        2.3067054748535156,
        2.3033416271209717,
        2.3011279106140137,
        2.3016357421875,
        2.3074941635131836,
        2.3022284507751465,
        2.304079294204712,
        2.3050315380096436,
        2.303253173828125,
        2.3053138256073,
        2.301622152328491,
        2.3015966415405273,
        2.3003275394439697,
        2.301975965499878,
        2.300729513168335,
        2.303535223007202,
        2.302865743637085
      ],
      [
        2.3036201000213623,
        2.3006110191345215,
        2.30322003364563,
        2.302501916885376,
        2.3016774654388428,
        2.303004741668701,
        2.301910400390625,
        2.301527738571167,
        2.3040664196014404,
        2.3030037879943848,
        2.3036205768585205,
        2.302438259124756,
        2.303985118865967,
        2.3019661903381348,
        2.3043477535247803,
        2.302353858947754,
        2.3029470443725586,
        2.3048784732818604,
        2.302159309387207,
        2.3016581535339355,
        2.3014707565307617,
        2.30237078666687,
        2.3018858432769775,
        2.30161714553833,
        2.3037939071655273,
        2.3008503913879395,
        2.300930976867676,
        2.299999237060547,
        2.300347328186035,
        2.3038277626037598,
        2.307723045349121,
        2.301433563232422,
        2.296614646911621,
        2.3029186725616455,
        2.3050427436828613,
        2.3157899379730225,
        2.3055408000946045,
        2.297837734222412,
        2.300644874572754,
        2.3030364513397217,
        2.306502103805542,
        2.3012642860412598,
        2.302935838699341,
        2.304518461227417,
        2.3013503551483154,
        2.303276300430298,
        2.3019421100616455,
        2.3044068813323975,
        2.3055853843688965,
        2.3034863471984863,
        2.3024089336395264,
        2.3028364181518555,
        2.303846597671509,
        2.304246664047241,
        2.299859046936035,
        2.303844690322876,
        2.301203489303589,
        2.303151845932007,
        2.2992846965789795,
        2.303128957748413,
        2.3050789833068848,
        2.2999815940856934,
        2.2960920333862305,
        2.297933578491211,
        2.3050811290740967,
        2.304784059524536,
        2.31142520904541,
        2.3004748821258545,
        2.303664207458496,
        2.3026492595672607,
        2.299849033355713,
