{
  "config": {
    "run_name": "exp1_2_L2_K32",
    "out_dir": "./results",
    "seed": 1360664947,
    "bs_train": 128,
    "bs_test": 32,
    "batches": 100,
    "epochs": 100,
    "early_stopping": 3,
    "checkpoints": null,
    "lr": 0.001,
    "reg": 0.001,
    "filters_per_layer": [
      32
    ],
    "layers_per_block": 2,
    "pool_every": 2,
    "hidden_dims": [
      1024
    ],
    "ycn": false,
    "kw": {}
  },
  "results": {
    "num_epochs": 0,
    "train_loss": [
      1.7997953343391417,
      1.4281335377693176,
      1.2692152285575866,
      1.154742032289505,
      1.065500710606575,
      0.9786329871416092,
      0.8956202834844589,
      0.8364201939105987,
      0.7710684472322464
    ],
    "train_acc": [
      34.890625,
      48.5390625,
      54.5703125,
      58.796875,
      62.375,
      65.8828125,
      69.015625,
      71.03125,
      73.328125
    ],
    "test_loss": [
      1.521502046585083,
      1.3348053246736526,
      1.185562424659729,
      1.0680064195394516,
      1.0025591355562211,
      0.9305366390943527,
      0.8414605522155761,
      0.8090276816487312,
      0.7999849587678909
    ],
    "test_acc": [
      45.4375,
      51.59375,
      56.375,
      61.4375,
      63.96875,
      66.96875,
      70.9375,
      72.28125,
      72.1875
    ]
  }
}