{
  "config": {
    "run_name": "exp2_L1_K64-128-256",
    "out_dir": "./results",
    "seed": 1360664947,
    "bs_train": 128,
    "bs_test": 32,
    "batches": 100,
    "epochs": 100,
    "early_stopping": 3,
    "checkpoints": null,
    "lr": 0.001,
    "reg": 0.001,
    "filters_per_layer": [
      64,
      128,
      256,
      512
    ],
    "layers_per_block": 1,
    "pool_every": 1,
    "hidden_dims": [
      1024
    ],
    "ycn": true,
    "kw": {
      "skip_every": 1
    }
  },
  "results": {
    "num_epochs": 0,
    "train_loss": [
      1.6852449917793273,
      1.248318086862564,
      1.0420432007312774,
      0.8794935780763626,
      0.7577129638195038,
      0.6286431291699409,
      0.5445494660735131,
      0.47657636672258374,
      0.3886417895555496,
      0.33855075493454934,
      0.3012738011777401,
      0.2610050539672375
    ],
    "train_acc": [
      39.7109375,
      54.7734375,
      62.6796875,
      68.546875,
      72.7109375,
      77.609375,
      80.6328125,
      82.9921875,
      86.171875,
      88.3671875,
      89.3359375,
      90.9453125
    ],
    "test_loss": [
      1.3101984202861785,
      1.0773973208665848,
      0.8557849860191346,
      0.7035502472519874,
      0.6047786571085453,
      0.47075592041015624,
      0.43832355946302415,
      0.38928586058318615,
      0.25203442975878715,
      0.25494615226984024,
      0.19772746421396734,
      0.22773006454110145
    ],
    "test_acc": [
      53.4375,
      62.15625,
      69.59375,
      75.15625,
      79.28125,
      84.25,
      84.71875,
      86.5625,
      91.0,
      91.09375,
      92.875,
      91.75
    ]
  }
}