{
  "config": {
    "run_name": "exp2_L4_K64-128-256",
    "out_dir": "./results",
    "seed": 1360664947,
    "bs_train": 128,
    "bs_test": 32,
    "batches": 100,
    "epochs": 100,
    "early_stopping": 3,
    "checkpoints": null,
    "lr": 0.001,
    "reg": 0.001,
    "filters_per_layer": [
      64,
      128,
      256,
      512
    ],
    "layers_per_block": 4,
    "pool_every": 4,
    "hidden_dims": [
      1024
    ],
    "ycn": true,
    "kw": {
      "skip_every": 4
    }
  },
  "results": {
    "num_epochs": 0,
    "train_loss": [
      1.8851415205001831,
      1.5561881589889526,
      1.388682142496109,
      1.2630931770801543,
      1.1661904710531235,
      1.0766920018196107,
      1.0050714427232743,
      0.9284048020839691,
      0.8706020414829254
    ],
    "train_acc": [
      29.75,
      41.796875,
      49.234375,
      54.2421875,
      58.484375,
      62.4453125,
      65.4296875,
      67.625,
      70.0859375
    ],
    "test_loss": [
      1.794352991580963,
      1.5898895716667176,
      1.2926896965503694,
      1.2041096997261047,
      1.1442517429590224,
      1.068574172258377,
      0.9938219717144966,
      0.9266972362995147,
      1.0115821132063865
    ],
    "test_acc": [
      33.1875,
      42.09375,
      53.28125,
      55.375,
      59.21875,
      61.96875,
      65.40625,
      68.21875,
      66.78125
    ]
  }
}