{
  "config": {
    "run_name": "exp2_L2_K64-128-256",
    "out_dir": "./results",
    "seed": 1360664947,
    "bs_train": 128,
    "bs_test": 32,
    "batches": 100,
    "epochs": 100,
    "early_stopping": 3,
    "checkpoints": null,
    "lr": 0.001,
    "reg": 0.001,
    "filters_per_layer": [
      64,
      128,
      256,
      512
    ],
    "layers_per_block": 2,
    "pool_every": 2,
    "hidden_dims": [
      1024
    ],
    "ycn": true,
    "kw": {
      "skip_every": 2
    }
  },
  "results": {
    "num_epochs": 0,
    "train_loss": [
      1.660272697210312,
      1.1954004496335984,
      0.9574232918024063,
      0.7844081008434296,
      0.6660243928432464,
      0.5306829735636711,
      0.44443305522203447,
      0.37700751155614853
    ],
    "train_acc": [
      39.6171875,
      57.6484375,
      66.3203125,
      72.9765625,
      77.1171875,
      82.1953125,
      84.9921875,
      87.1875
    ],
    "test_loss": [
      1.273937565088272,
      0.9466624689102173,
      0.8368506363034248,
      0.8188856118917465,
      0.6045008667558431,
      0.5605737978219986,
      0.602929420620203,
      0.598960149884224
    ],
    "test_acc": [
      53.90625,
      66.875,
      71.75,
      72.75,
      79.3125,
      80.65625,
      81.5,
      81.46875
    ]
  }
}