{
  "config": {
    "run_name": "exp2_L3_K64-128-256",
    "out_dir": "./results",
    "seed": 1360664947,
    "bs_train": 128,
    "bs_test": 32,
    "batches": 100,
    "epochs": 100,
    "early_stopping": 3,
    "checkpoints": null,
    "lr": 0.001,
    "reg": 0.001,
    "filters_per_layer": [
      64,
      128,
      256,
      512
    ],
    "layers_per_block": 3,
    "pool_every": 3,
    "hidden_dims": [
      1024
    ],
    "ycn": true,
    "kw": {
      "skip_every": 3
    }
  },
  "results": {
    "num_epochs": 0,
    "train_loss": [
      1.7975126993656159,
      1.4039956414699555,
      1.2137095361948014,
      1.0557499295473098,
      0.9398664069175721,
      0.8321551603078842,
      0.7460708069801331,
      0.6658278247714042
    ],
    "train_acc": [
      33.3671875,
      49.5625,
      56.8671875,
      62.96875,
      67.328125,
      71.5390625,
      74.6875,
      78.1640625
    ],
    "test_loss": [
      1.5534827375411988,
      1.226146458387375,
      1.1028601455688476,
      0.9627452975511551,
      0.8774807733297348,
      0.9033902478218079,
      0.7870541450381279,
      0.9132731601595878
    ],
    "test_acc": [
      43.46875,
      55.65625,
      60.8125,
      65.875,
      69.375,
      69.71875,
      73.40625,
      73.0625
    ]
  }
}