{
  "config": {
    "run_name": "testK64L16",
    "out_dir": "./results",
    "seed": 843555928,
    "bs_train": 128,
    "bs_test": 32,
    "batches": 100,
    "epochs": 100,
    "early_stopping": 3,
    "checkpoints": null,
    "lr": 0.001,
    "reg": 0.001,
    "filters_per_layer": [
      32
    ],
    "layers_per_block": 16,
    "pool_every": 16,
    "hidden_dims": [
      1024
    ],
    "ycn": false,
    "kw": {}
  },
  "results": {
    "num_epochs": 0,
    "train_loss": [
      [
        2.3034591674804688,
        2.282125473022461,
        2.3490211963653564,
        2.3410604000091553,
        2.315697193145752,
        2.327002763748169,
        2.3193552494049072,
        2.305438756942749,
        2.3056271076202393,
        2.3108057975769043,
        2.3007020950317383,
        2.303788185119629,
        2.3045876026153564,
        2.30399751663208,
        2.303396463394165,
        2.309129238128662,
        2.3034610748291016,
        2.306065559387207,
        2.3016157150268555,
        2.302752733230591,
        2.3009817600250244,
        2.301544427871704,
        2.3042349815368652,
        2.3080220222473145,
        2.309351921081543,
        2.3018569946289062,
        2.302623987197876,
        2.304049015045166,
        2.3030288219451904,
        2.302677631378174,
        2.3027865886688232,
        2.302696466445923,
        2.301532745361328,
        2.303999423980713,
        2.302722454071045,
        2.3030309677124023,
        2.3035221099853516,
        2.2991814613342285,
        2.302804946899414,
        2.302157163619995,
        2.300293445587158,
        2.301907539367676,
        2.3049070835113525,
        2.3019208908081055,
        2.304641008377075,
        2.3016860485076904,
        2.302168130874634,
        2.301928758621216,
        2.306298017501831,
        2.3030037879943848,
        2.3019564151763916,
        2.3034563064575195,
        2.3013343811035156,
        2.3030059337615967,
        2.3016204833984375,
        2.3021340370178223,
        2.303280830383301,
        2.3023178577423096,
        2.302708625793457,
        2.3030595779418945,
        2.303332567214966,
        2.301814079284668,
        2.3009727001190186,
        2.301471471786499,
        2.3016717433929443,
        2.3030776977539062,
        2.302884578704834,
        2.303529977798462,
        2.2992444038391113,
        2.3035733699798584,
        2.3028178215026855,
        2.302765130996704,
        2.3024470806121826,
        2.303514242172241,
        2.3046231269836426,
        2.302980899810791,
        2.305957317352295,
        2.301114082336426,
        2.3040177822113037,
        2.300081491470337,
        2.3030548095703125,
        2.302947759628296,
        2.303785562515259,
        2.3017585277557373,
        2.299795389175415,
        2.302170991897583,
        2.3028478622436523,
        2.3024368286132812,
        2.300553560256958,
        2.3025448322296143,
        2.3007564544677734,
        2.3056509494781494,
        2.303192615509033,
        2.303506374359131,
        2.3062870502471924,
        2.301708459854126,
        2.2990243434906006,
        2.303006410598755,
        2.303502321243286,
        2.3011913299560547
      ],
      [
        2.3026158809661865,
        2.3021702766418457,
        2.3023440837860107,
        2.3014533519744873,
        2.302325963973999,
        2.303647041320801,
        2.303985357284546,
        2.304631233215332,
        2.301814556121826,
        2.3030202388763428,
        2.3032588958740234,
        2.3018853664398193,
        2.302058458328247,
        2.3032169342041016,
        2.303567886352539,
        2.303678035736084,
        2.3034934997558594,
        2.300938367843628,
        2.3020877838134766,
        2.303565502166748,
        2.3022124767303467,
        2.302171468734741,
        2.300797939300537,
        2.3034586906433105,
        2.303058385848999,
        2.302741527557373,
        2.303542375564575,
        2.300955295562744,
        2.302398681640625,
        2.30412220954895,
        2.2996647357940674,
        2.300497055053711,
        2.3040919303894043,
        2.302527904510498,
        2.3001856803894043,
        2.3023080825805664,
        2.3055074214935303,
        2.3046534061431885,
        2.3027939796447754,
        2.304246187210083,
        2.3021774291992188,
        2.3040690422058105,
        2.3016769886016846,
        2.3006114959716797,
        2.301767587661743,
        2.302546262741089,
        2.3045856952667236,
        2.300269365310669,
        2.30255126953125,
        2.3014063835144043,
        2.301331043243408,
        2.303727388381958,
        2.3011436462402344,
        2.3008875846862793,
        2.3044722080230713,
        2.302584648132324,
        2.304166793823242,
        2.3037631511688232,
        2.3015310764312744,
        2.306823492050171,
        2.304717779159546,
        2.3028078079223633,
        2.303461790084839,
        2.3029227256774902,
        2.304103374481201,
        2.303586006164551,
        2.302828550338745,
        2.302722930908203,
        2.3022453784942627,
        2.302428722381592,
        2.30358624458313,
        2.3044824600219727,
        2.301910161972046,
        2.301622152328491,
        2.305163621902466,
        2.300765037536621,
        2.300597906112671,
        2.2991409301757812,
        2.3042523860931396,
        2.3027472496032715,
        2.3042333126068115,
        2.304415225982666,
        2.302126169204712,
        2.3023438453674316,
        2.301893949508667,
        2.304093599319458,
        2.303295135498047,
        2.2992653846740723,
        2.3036913871765137,
        2.30224609375,
        2.304945230484009,
        2.3015940189361572,
        2.3017218112945557,
        2.3020832538604736,
        2.3036351203918457,
        2.3036980628967285,
        2.303539276123047,
        2.3021748065948486,
        2.302493095397949,
        2.300964832305908
      ]
    ],
    "train_acc": [
      9.8046875,
      10.078125
    ],